Model,Accuracy,Precision,Recall,F1-Score
LSTM,0.5166666666666667,0.5084745762711864,1.0,0.6741573033707865
GRU,0.9666666666666667,1.0,0.9333333333333333,0.9655172413793104
Bi-Mamba,0.9833333333333333,1.0,0.9666666666666667,0.9830508474576272
