Model,Accuracy,Precision,Recall,F1-Score
LSTM,0.9,0.875,0.9333333333333333,0.9032258064516129
GRU,0.9833333333333333,1.0,0.9666666666666667,0.9830508474576272
Bi-Mamba,0.9833333333333333,1.0,0.9666666666666667,0.9830508474576272
