Model,Accuracy,Precision,Recall,F1-Score
LSTM,0.6666666666666666,0.6666666666666666,1.0,0.8
GRU,1.0,1.0,1.0,1.0
Bi-Mamba,1.0,1.0,1.0,1.0
